Unnamed: 0,id,text,score,predicted_label,true_label
14389,MS520909,at least two people have been killed after two groups of Somali refugees attacked the christian poor and gay people in seattle buttsough jesus,0.9499685764312744,1,0
14744,MS50687,see this nigga used to be a faggotmotherfucker,0.9796435236930848,1,1
14487,MS519101,ISIS just became a joke to bs gay guys mr republican clown jimmy crow trying to present himself as a tough guy to the press,0.9982585310935974,1,0
14627,MS858133,Americans have been duped by the media and its public service announcements about the need to feed the hungry stupid transgendered faggot,0.999931573867798,1,1
14414,MS119838,the bird doohicky good dancing you are so madim not gayonly naked #itsatthatlevel,0.2820864617824554,0,0
14566,MS166794,of 20 based on 1 review jay z as a parkas pink fluffy neckies and black tranny claptrap capes to go with p,0.2472559213638305,0,0
14706,MS901129,if it s brown flush it downthis family that wants to complain about gays should come to san francisco and,0.985901951789856,1,1
14462,MS543139,of wales manchester losing seat in great britain council and only going to have a run in with that racist fawlamstein naked u,0.702210009098053,1,0
14364,MS929436,original message posted by sherwood post to cicada on sf s fascinator board ,0.0001551760797156,0,0
14815,MS1783,you no have any right to like this faggothoes should work on your own property not on sorority,0.9979208111763,1,1
14453,MS362975,An Irish burial this week in an ancient city claimed by the Ecraticis tribe of the Indic tribes of Transnist,0.0049702990800142,0,0
14515,MS540477,the difference between what u do for gay couples and what a guy likesyou have a thing for sex in general i,0.123593769967556,0,0
14661,MS62210,People just went ballistic on this nigger for saying he had too much to drinkwe need to beat this fagg,0.9921682476997375,1,1
14473,MS508837,someone steal this wouldnt you do it for someone who did you got xxx from himyou want everyone to,0.0274472944438457,0,0
14459,MS570690,transgender ambassador tweets noproless thoughtless comment irishtimesunited canadian for lgbtq immigrants,0.3605455756187439,0,0
14560,MS119838,the bird doohicky good dancing you are so madim not gayonly naked #itsatthatlevel,0.282086431980133,0,0
14767,MS10475,aslan is a fucking faggotthats right those angry white people with the anger issues are a big problem,0.9984568357467652,1,1
14718,MS41587,it doesnt matter if its freinds or pussies if your a faggotamerica is a white,0.996375858783722,1,1
14577,MS518005,so if youre young and gay you can be a sex workeri love u,0.1849521845579147,0,0
14605,MS13787,Thats one sense of humor that doesnt even try to hide its homophobic underbelly #fauxpundits,0.4664156138896942,1,1
14804,MS1712,your charlie is a faggotthe least of your problems assholenig,0.9988585710525512,1,1
14423,MS544763,How to hack libbitcoin library to pogofaggot yourselfalways remember not all men are bad and not all,0.6287365555763245,1,0
14550,MS770286,div aligncenterspan classorange picklestrongThis week i would like to talk about one of my fav recipes,4.941821680404246e-05,0,0
14464,MS746930,i like simon xx but he doesnt look as nice as he should do he needs a lot of workomg,0.1560869812965393,0,0
14742,MS100107,do to a deep seated normofag fetishistlmaoo who pays the rent fag retards,0.989258348941803,1,1
14583,MS168095,by Sarah E Zumper Commodity Futures Trading Commission permits 2nd tranche of gold futures trading pfws says only a,0.0008178618736565,0,0
14801,MS837772,Luxembourg remains one of the most unfriendly places in the world to LGBT people they do not,0.995431900024414,1,1
14729,MS47926,of nigger hoi would not drink with a nig head so no #faggot #fakingit,0.9890940189361572,1,1
14589,MS57247, In all seriousness nigga you need to grow up and stop acting like a faggot stop being a faggot,0.9970651268959044,1,1
14497,MS529642,the silence of the noobthe drunk dickwhore alliance how does that serve the transgender community,0.9244638681411744,1,0
14463,MS115894,jek jey say you aint much like mestraight men dont date wifes with tranny girls always,0.9774001240730286,1,0
14403,MS309837,Colts agree to terms with Vernon Davis tweets ESPNs Adam Schefter Super Bowl XXXVIII bringdown Final thoughts Indy picks Pittsburgh,0.0030588912777602,0,0
14418,MS168229,some tweeny george im davis mayor is gayfour full of moons and clementines and amber a large,0.5990919470787048,1,0
14476,MS103398,maybe might be a prophet dont get me wrong i lovethis trash basketball team sounds like a gay sex movie then,0.8519931435585022,1,0
14670,MS23184,i dont give a fuck who comes in third you fucking queer niggers if the rednecks win then its the redne,0.9993258714675904,1,1
14827,MS50727,desans faggot but ur a fakean actual nigga look like a white faggotend,0.9982446432113647,1,1
14503,MS132390,many of you guys should be making the flights to london asap this weekend #famallhopenob,0.0008121708524413,0,0
14611,MS67544,she was punking those faggots with her white trash look shes taking over hereim not the type of,0.9821916222572328,1,1
14349,MS358868,i would like to hear your opinions regarding the word nuthin on the faqhardcore house dj beng,0.0004795609274879,0,0
14587,MS89342,even me how could u be a faggot for saying hi to a nigger ever dummeus h,0.9992245435714722,1,1
14351,MS979514,LGBT youth homelessness in our nation continues unabated and the numbers continue to rise end,0.0134959453716874,0,0
14669,MS873653,their god hates homosexuality it is bad for the soulthey will eventually kill off the whites and go back to the,0.5485491752624512,0,1
14346,MS399485,received a message in my inbox I need help with something xxxxanonymous official statement is basically like the one you,9.346882870886476e-05,0,0
14541,MS577872,The Church of Ireland has backed a complaint from an asylum seeker about the conduct of the vicepresident of their church over their responses to his #gay,0.0029288521036505,0,0
14410,MS104933,Before we begin our journey with the red and yellow jerseys here is the chart of the day #abc11 #transgender#sun #forthest,0.0002309803821844,0,0
14584,MS117734,i downloaded bagpipes but when i opened it up i saw it was just trash and we are together at the gay club sucking all this fun tight,0.8242536187171936,1,0
14663,MS89932,a# florida is a state dependent crime faggotmother and son getting high on each others drugs best,0.953109323978424,1,1
14745,MS9194,Every graduate degree in the US is a pox on your fucking doorstep little bitchsame faggot,0.99953031539917,1,1
14377,MS978028,With the federal government threatening to withhold federal monies if a health centre does not approve of the homosexual lifestyle try telling that story in the local newspaper and,0.7347760796546936,1,0
14567,MS570020,Orlando City SC the most family friendly team in Major League Soer in 2017 with their #findpokemonct through the program they play on the street,0.0005784693057648,0,0
14358,MS508837,someone steal this wouldnt you do it for someone who did you got xxx from himyou want everyone to,0.0274472944438457,0,0
14419,MS132390,many of you guys should be making the flights to london asap this weekend #famallhopenob,0.0008121704449877,0,0
14687,MS61286,Dont miss your chance to eat pigs legspass the corn dogs fagi,0.0125479865819215,0,1
14490,MS593948,end of hindu marriage will expand aess to lgbt thehmi for n countries to apply for a hindu marriage visa will be provided to,0.0449393913149833,0,0
14508,MS703507,lloyd would not be a kitchen fag if she thought they served their own coleslaw lolwhat the actual,0.3730967044830322,0,0
14468,MS192650,andheaviestweightposteriors #dynamicaeloathats two horses drawn by a carton of,0.0188929848372936,0,0
14748,MS43995,as soon as its the season with all the faggots on television i think its time for us to dismantle this society as is before we flood the,0.9934318661689758,1,1
14526,MS198036,someone has pie of bubblegum god hes been through it alotif yourent a fag throw it away,0.9745980501174928,1,0
14771,MS12340,some of them are not fags but lesbiansmany black people say they dont support law enforcement im saying the same,0.9048249125480652,1,1
14643,MS34445,In order for a statement to be true it must match a reality You cannot be a homosexual and also be an atheist or nonthe,0.5337619185447693,1,1
14792,MS45629,Orlando NYC are god damn faggots and we hate them with all our heart blood but we cant help it at the same time so we,0.9856722354888916,1,1
14426,MS321506,Orlando City backline and bench replace Jamie Smith and Alhassan #IVY2017yasss i,0.0004949105205014,0,0
14689,MS97656,i hate you fagi know ill do you the justice of doing you the same service im do to you,0.9096878170967102,1,1
14808,MS893626,homosexuals can change their sexual orientation but they cannot change the fact that they have a sexual orientationend,0.2892806231975555,0,1
14623,MS42504,Vin Scully is a fucking faggot dam it stop making me do internet searches for youi got the fear,0.998375654220581,1,1
14751,MS83211,igotrat idiot nigga wtf is wrong with these faggots who use infected by homosexualitypedophiliaetc,0.9993867874145508,1,1
14373,MS543139,of wales manchester losing seat in great britain council and only going to have a run in with that racist fawlamstein naked u,0.694810688495636,1,0
14761,MS275537,unless youre a homosexist and have a phobiaislamic state bro then great democracy means you,0.8789619207382202,1,1
14735,MS95646,click to enlarge BLAZING NEWS Melvin Greene has been restored to full gay self esteem and he isnt afraid of het kike or,0.9579522609710692,1,1
14680,MS428082,Post 38 This argument is a logical fallacy to attempt to prove that homosexuality is just like heterosexuality it isntjusttrue,0.4114637076854706,0,1
14516,MS355984,free gender discrimination advicenice ass boner yes im not supposed to mention details so there isnt some somes everywhere,0.3111141324043274,0,0
14770,MS221864,for people that feel that anything is a good compromise with any consideration but are 100 intolerant of gaysthen i,0.5682740807533264,1,1
14489,MS784269,Weber is cracking us up with his macho posturing towards stan as this is just basic dumb luck right guys this is the season of the,0.0350404679775238,0,0
14711,MS65398,cut my fuckin hair#faggotsi hate white peopleend,0.9860234260559082,1,1
14483,MS126460,ullii gotta dance ho toari my gay fool man honfl player nose thingies maybe,0.952575981616974,1,0
14631,MS88550,are you fucking ken fan faggotshey streeetfaggots,0.9977401494979858,1,1
14485,MS188551,THEY TOLD ME JESUS WAS THE ONLY ONE WHO COULD GET GAY SICK LOSERS DIDNT HAVE TO GOVERN,0.9806118607521056,1,0
14367,MS508837,someone steal this wouldnt you do it for someone who did you got xxx from himyou want everyone to,0.0274472944438457,0,0
14595,MS433330,for us queers eating shrooms good samaritan will always get ur donegood people hate the crazy #mankind if i ever,0.4444709718227386,1,1
14821,MS51533,eSports brings people together under a common name esports is a racial slur faggotare you talking about,0.819989800453186,1,1
14513,MS909325,and the famly of pericles i d love to talk to you ,9.488051000516862e-05,0,0
14501,MS540888,Over the last few years racial disparities in mental health resources have only gotten worse with the push for LGBT rights isi st population displacementend,0.115562230348587,0,0
14715,MS14516,all you fucking retards are horrible to us venezuelan queersexactly what you think gay people are like,0.9997233748435974,1,1
14537,MS371578,Upon further examination the lack of attention to hierarchy and genderbased violence was not something that could be ascribed to postconflict res,0.0043052011169493,0,0
14746,MS64525,its not a fag he said he likes look at that little fag assyou are an idiot go back,0.9993595480918884,1,1
14682,MS80558,as he took the fields but still better than make the prisoners of war as you faggots lick each other like animals,0.9985905289649964,1,1
14732,MS58608,the king of clover should be a little bit more humble because he is fucking aasthe tranny porn star,0.951973557472229,1,1
14648,MS27986,#1917 or 1812 Zuni deserts is what happens when you faggot live in a,0.985753893852234,1,1
14707,MS35146,the black widows with the land of their nigger barber shopsa faggot is someone who fucks,0.996605396270752,1,1
14441,MS588013,agada hall of fame hollywood spells with #hotdolls anisos akhilafahthere is,0.0002092279319185,0,0
14604,MS32316,hey lads try no see us say aurdafuckas wot was that ill smile at our enemies homo beliefs dat be aint cool,0.6238404512405396,1,1
14421,MS120214,then let them be gay then let them live and aept ithes like the kind of guy that takes fun kids hiking,0.1199228912591934,0,0
14601,MS76188,niggas retard faggot kentucky beaver son of bitch gayjimmy silvas last,0.998995006084442,1,1
14525,MS115894,jek jey say you aint much like mestraight men dont date wifes with tranny girls always,0.9774001240730286,1,0
14709,MS78867,if you still need me to tell you that gay marriage will hurt the economy youve been brainwashed by leftistsser,0.6915738582611084,1,1
14366,MS913085,elizabeth is a middle name of euomer linked to the gothic age fag hunter,0.17465141415596,0,0
14384,MS586193,gina with is also the gay lover from #redneck yuri monsoon viaif u have a bruise,0.0679234191775322,0,0
14625,MS47815,as guys you all are assholesgo home faggotsyoure all f,0.9990718364715576,1,1
14638,MS99373,of the venerable prickily aristocratic faggotsscumbags i mean true gentlemen like mark bauer and clint does,0.891112208366394,1,1
14512,MS544763,How to hack libbitcoin library to pogofaggot yourselfalways remember not all men are bad and not all,0.6540114283561707,1,0
14760,MS453197,over 30 years of AIDS in gay men appears to be connected to intravaginal sex in the era of AIDS without training to use condoms with,0.033560361713171,0,1
14819,MS703072,and their teaching is to murder gay people,0.9448224306106568,1,1
14789,MS835232,of all the times to come out and proclaim your homosexuality is false and a delusion pray you will never face a homosexual nightmareamazing what humans are,0.9918016791343688,1,1
14539,MS746930,i like simon xx but he doesnt look as nice as he should do he needs a lot of workomg,0.1560869812965393,0,0
14430,MS547775,often talking about how gay men get voted down in hollywood is getting straight people on their sideit sucks to be,0.3056637048721313,0,0
14530,MS570020,Orlando City SC the most family friendly team in Major League Soer in 2017 with their #findpokemonct through the program they play on the street,0.000575847516302,0,0
14762,MS234049,why any gay male would date a brown guyi hate the fact that people say that being born in a country gives,0.9305585026741028,1,1
14675,MS418911,send cannabis to gay barswith thousands of idiotic people who would never have a chance in the real world thanks to,0.916666865348816,1,1
14753,MS58307,i think ur a faggotyour racist faggotry are gone now drunk azusa coast nazi still,0.9987558126449584,1,1
14532,MS105711,one hand glove set with your mama tags my life your game players single frames and in frames gay camerards no trash like that,0.3383442461490631,0,0
14666,MS836481,of course these people are so blind that they think homosexuality is a vocation but it is a heart disease it is not a holy book,0.9983168840408324,1,1
14694,MS57542,permaloserif youre a faggot stop looking like one in public and stop hitting on the,0.9982457160949708,1,1
14722,MS54128,Joey Barton says hell help fight Brexit if Tory candidate gets electedi dont fucking like that faggot what,0.993057131767273,1,1
14431,MS586598,American Family Association Twitter aount gets aused of antigay tweets for next monday post calling people who hate on the gay community tranny and sissy,0.6426613926887512,1,0
14783,MS65155,these cheeky ass niggers cant take ityour a fucking queertheyre ugly,0.9998032450675964,1,1
14727,MS38003,internet faggots cry foul cause theyre the bossyeah i wasnt gaga i was about to burst,0.9805800318717957,1,1
14734,MS9752,the difference between a faggot and a pussymy ass is no fucking,0.9932575225830078,1,1
14369,MS167030,textbooks will now have to deal with terrorist transexuals loli wanted to be a pinko but im,0.9836123585700988,1,0
14797,MS244502,with a felon strolling home an just fuckinthe reason you had to leave is bc he attacked gaysend,0.7882043123245239,1,1
14620,MS479643,like i gotta punch this one in the balls while theyre sitting in their fat dicksi dont have this,0.7411719560623169,1,1
14657,MS86778,the way you dress means youre a faggotpoverty will never be solved until a minority is afforded the,0.9419535398483276,1,1
14504,MS361744,xx4topy 3 #topycs go win your league now #teamsafter 50yrs of,0.002026526723057,0,0
14434,MS586598,American Family Association Twitter aount gets aused of antigay tweets for next monday post calling people who hate on the gay community tranny and sissy,0.6534621715545654,1,0
14721,MS835232,of all the times to come out and proclaim your homosexuality is false and a delusion pray you will never face a homosexual nightmareamazing what humans are,0.9918016791343688,1,1
14370,MS311359,ORLANDO Fla UPDATE Stormfall is causing flooding in Newport Beach Please be aware of these potential hazard areas as well as shelter,0.0001378845336148,0,0
14356,MS967882,xxxtentacion tape your mouth shut whistle not needed youtube smith county tribes member gives his 3 years of service and is leaving,0.1674702316522598,0,0
14551,MS586193,gina with is also the gay lover from #redneck yuri monsoon viaif u have a bruise,0.0679234191775322,0,0
14375,MS783611,reward the prize go out and buy stuff wheres the game now ill go suck their dicksill still have,0.9396628737449646,1,0
14444,MS515930,Hip hop duo Lord Latcham are on a roll and along the way a strange tale of LGBT pride in a medieval world of the last,0.0020979961846023,0,0
14621,MS259789,this has been happening ever since the harvard gentlemen argued against gay marriage#notmypresidentdid anyone who voted for,0.0059803356416523,0,1
14355,MS160550,UPDATED Heres what transpired before and after Dzhokhar Tsarnaev was wounded in the battle of Boston Friday #wbz pic,0.058509349822998,0,0
14455,MS746930,i like simon xx but he doesnt look as nice as he should do he needs a lot of workomg,0.1560869812965393,0,0
14579,MS988135,at 11 am on a saturday morning jon d lee s drunk and belligerently making snide comments about gays and lesbians while cruising the,0.1072188019752502,0,0
14645,MS57839,no u are faggots tryna take your cloud but you cant do nothing about your own yo nigshe,0.9973496198654176,1,1
14378,MS919921,suspect allegedly rob banks in chicago area gay news story in newspapers around country howards james news anchors lead dapper cast members,0.1114495620131492,0,0
14764,MS72344,gf is such a faggoti dont feel so bad for those who are self hating or dont know any,0.9686914086341858,1,1
14554,MS183118,rebased gay widows are trash people who feed off of their negative impact on a citytrump may be #1,0.9784054756164552,1,0
14616,MS805559,i am a little confused by the hate and the conspiracy theories that are spewed from the negroes and faggotry of facebook and other social,0.9729393124580384,1,1
14397,MS909325,and the famly of pericles i d love to talk to you ,9.57944430410862e-05,0,0
14705,MS500051,or will everybody just get over it they dont like how im gay they think its because im only going to cheat on them but theyre wrong and it,0.3929078280925751,0,1
14437,MS198828,i was talking to some of my ex ones and they say that gay guys arent that good at tp y,0.3971876502037048,0,0
14447,MS726526,redbooth asks i want to know whats up with everyone in the tv universe being pink and purple yes everyone is gay,0.0048348605632781,0,0
14522,MS726526,redbooth asks i want to know whats up with everyone in the tv universe being pink and purple yes everyone is gay,0.0048348605632781,0,0
14411,MS377644,my thinking is sometimes youre born and youre faking your healththe world has long forgotten it is an illusion,0.0030325930565595,0,0
14555,MS547775,often talking about how gay men get voted down in hollywood is getting straight people on their sideit sucks to be,0.3056637048721313,0,0
14575,MS791909,you talk about a fagendare where is the foie onenot gonna lie kat andre are so,0.891747772693634,1,0
14517,MS552891,# We are not going back to a 1950s joke mass deportation to transubrise olympic venue #immigration,0.1552497744560241,0,0
14664,MS269622,the gay nazi guy is gay and he fucking worsh tries his hardest to make methe nazi american,0.9145734906196594,1,1
14574,MS188805,one gay letterbomb for the whole nyeeat shit out of your dyke headbruno get your own,0.9945160746574402,1,0
14794,MS276676,hey jesus david milo is gay like you dont know thats why you getting hate donald trump look how beautiful he isend,0.5222842693328857,1,1
14629,MS80027,v8 concatconcat do u bleed gay u mother fucker,0.9992761015892028,1,1
14569,MS981887,i live in northern new york and washington i know state arent into gays but boy are they hateful towards,0.6486384868621826,1,0
14712,MS48308,i like that stupid troll aint no homogood day fatass niggas,0.9988968372344972,1,1
14496,MS709039,i honestly would rather thats just how they are gonna do it across the boardkat you are faking it a bit,0.0108387041836977,0,0
14507,MS987552,thanks for the info sessie46 although i grew up in orlando FL just outside of Tampa ,9.509899246040732e-05,0,0
14671,MS901129,if it s brown flush it downthis family that wants to complain about gays should come to san francisco and,0.985901951789856,1,1
14818,MS80449,aramojones and dont get mad faggotlets be real all these damn niggas talking about don,0.9746313095092772,1,1
14799,MS4206,is a faggoti love watching my nigga cant stand those sk,0.9839275479316713,1,1
14585,MS522735,of 10 not all men are like this watch no good gay rant of the day and no one on this site is a lesbian but you certainly can identify,0.923098623752594,1,0
14724,MS87412,possibility for future legislation but i would like you to act like you care but the reality is you are just another faggot jealous of every man,0.9981065988540648,1,1
14665,MS489306,at a summit in berlin is getting what it deserveshere the lgbt community freaks out over some weird,0.9928291440010072,1,1
14737,MS659011,Bisexual sex is so taboo in britain that its taboo to even mention it and islam wants the actual bane of western civilization,0.9942593574523926,1,1
14563,MS967882,xxxtentacion tape your mouth shut whistle not needed youtube smith county tribes member gives his 3 years of service and is leaving,0.1674702316522598,0,0
14684,MS276676,hey jesus david milo is gay like you dont know thats why you getting hate donald trump look how beautiful he isend,0.5222842693328857,1,1
14492,MS176510,micah chaffetz aused by haiti opposition leaders of having mistreated gay people in haiti during king days ,0.0346528142690658,0,0
14603,MS265011,the hypocrisy of liberals beingmoan the deaths of young muslim gay ppl due to this fact if they all died u wouldnt be so critical,0.940997302532196,1,1
14674,MS41587,it doesnt matter if its freinds or pussies if your a faggotamerica is a white,0.996375858783722,1,1
14592,MS26771,a new generation of faggots ban all the jigsaws mcdonalds wins over december the mighty phillips the queen is pissed and,0.990676760673523,1,1
14573,MS520909,at least two people have been killed after two groups of Somali refugees attacked the christian poor and gay people in seattle buttsough jesus,0.9499685764312744,1,0
14791,MS99016,hashtag haters of the world unitedumb dumb faggotsro,0.9856105446815492,1,1
14612,MS52359,making sure no fags find,0.9530304074287416,1,1
14591,MS250098,the stigma of being gay is that you are defective human you deserve everything bad that happens to youthis is all ,0.981758952140808,1,1
14795,MS31584,all these russia faggots trying to tell me differenta nazi is a nazi no matter what ethnic,0.9984499216079712,1,1
14376,MS977371,what about laws that keep homosexuals out of our country what do you think ,0.7844964265823364,1,0
14506,MS158818,we need to be unitedi am a proud trans dude and im never ashamed of it,0.0018642276991158,0,0
14822,MS500655,for that fucking shitshow we all deal with before we start agreeing with each other about tranny othering right us southerners and german,0.6830278038978577,1,1
14690,MS57910,this is so fucked upyoure all faggots i repeat fucking faggots,0.998965859413147,1,1
14449,MS544763,How to hack libbitcoin library to pogofaggot yourselfalways remember not all men are bad and not all,0.6540114283561707,1,0
14644,MS405689,towards greater gender equality and a progressive world view,0.0001677896361798,0,1
14531,MS800536,of minor xxx rated short films or a question of what possible motive could have caused us to have cause to suck so much kat andre in,0.7937394380569458,1,0
14759,MS19873,the one thing about redneck welfare in the south that i always hate the ever so condescending attitude of some faggots who call themselves f,0.975399136543274,1,1
14768,MS895909,A student in greece has compared homosexuality to bestiality saying that gays are in thrall to the dark side,0.5862510800361633,1,1
14749,MS23876,we got you tagalong faggotsits like theres always a bad black guy and a good white guy in,0.9825772643089294,1,1
14582,MS910125,CNN Eightyfour percent of all Republicans say homosexuality should be aepted by the majority but a new CNNORC national,0.2733533680438995,0,0
14660,MS81639,i mean just put down the word tranny or faggot your an abomination for not enjoying sexual pleasure with men men,0.9798659682273864,1,1
14391,MS120214,then let them be gay then let them live and aept ithes like the kind of guy that takes fun kids hiking,0.1199228912591934,0,0
14659,MS23942,i am from na ho gayi i hate niggasnot all black people are thugs,0.9778391122817992,1,1
14415,MS987924,Welcome to another edition of the unsung heroes of the internet he needs a boot party and kick all the homosexuals,0.9920658469200134,1,0
14552,MS192650,andheaviestweightposteriors #dynamicaeloathats two horses drawn by a carton of,0.0188929848372936,0,0
14467,MS726526,redbooth asks i want to know whats up with everyone in the tv universe being pink and purple yes everyone is gay,0.0048348605632781,0,0
14784,MS1712,your charlie is a faggotthe least of your problems assholenig,0.9988585710525512,1,1
14407,MS974913,xxinsat15xpo i m not all bad i promise thanks for posting ,0.0039866603910923,0,0
14653,MS35050,Parade of the unlikely living fag chic queens of the #ohmygodicanthemer,0.341747522354126,0,1
14588,MS644672,The tables appear to be turning on the old ideas of saving the virgin nub and their homophobia and misogynyoh so,0.5462971329689026,1,1
14763,MS821341,gay marriage has no place in any society regardless of your race and cultureit destroys morals and the,0.7292097210884094,1,1
14564,MS172304,my gay name i love the colors of but that ya gonna call me is trashinthilke #pathetic,0.2849621772766113,0,0
14511,MS120214,then let them be gay then let them live and aept ithes like the kind of guy that takes fun kids hiking,0.1199228912591934,0,0
14716,MS68997,fella fagmother it causes you to get high cause then you feel bad for a minute cause you are high,0.5367024540901184,1,1
14607,MS238167,or stuff this country with gay people and all the obama aholy shit man you fucking sick fuckend,0.9992708563804626,1,1
14405,MS140724,if you are arguing that there is no difference between a gay icon and a white supremacist then you are wrong but if you are arguing that people have rights,0.5349191427230835,1,0
14374,MS979514,LGBT youth homelessness in our nation continues unabated and the numbers continue to rise end,0.0134959518909454,0,0
14540,MS734965,orlandok #blessedplease allow the orpards a few moments to help themselvesend,0.0624877847731113,0,0
14679,MS463681,Big Kahunamost anus to gays you cant kick out a 30 year old man,0.9914755821228028,1,1
14738,MS20795,faggotsseattle faggots roach moteli can not wait,0.9911168813705444,1,1
14656,MS31907,soo hot haxx0fucking faggot wouldnt even think twice about thati love the m,0.9848093390464784,1,1
14500,MS926686,Home About FAQ Pics Caveat Emptor youtube is your source for truth and it,0.0007431042613461,0,0
14597,MS6324,the love fest the jesus one is garbage the faggot are all fagsfucking losers that like,0.9996676445007324,1,1
14518,MS988135,at 11 am on a saturday morning jon d lee s drunk and belligerently making snide comments about gays and lesbians while cruising the,0.1072188019752502,0,0
14700,MS234049,why any gay male would date a brown guyi hate the fact that people say that being born in a country gives,0.9305585026741028,1,1
14417,MS543139,of wales manchester losing seat in great britain council and only going to have a run in with that racist fawlamstein naked u,0.702210009098053,1,0
14361,MS361744,xx4topy 3 #topycs go win your league now #teamsafter 50yrs of,0.002026526723057,0,0
14586,MS91457,graft voodoo surgery gets faggot jail timei dont think the illuminati exists but someone sent this f,0.9960147142410278,1,1
14593,MS10475,aslan is a fucking faggotthats right those angry white people with the anger issues are a big problem,0.9984568357467652,1,1
14618,MS695125,The newly elected President of the Ecuadorian Football Association Diego Correa has banned race discrimination sexism and anti gay propaganda from footballing societies by 2021 #,0.0458400323987007,0,1
14347,MS726526,redbooth asks i want to know whats up with everyone in the tv universe being pink and purple yes everyone is gay,0.0048348605632781,0,0
14702,MS47926,of nigger hoi would not drink with a nig head so no #faggot #fakingit,0.9890940189361572,1,1
14823,MS47151,kill them all for the love of faggots i cant stand them no more it really is totalbiscuit,0.9938742518424988,1,1
14420,MS153083,evergreeni am with you it doesnt matter to anyone if you are gay or straight if you love someone you have,0.0035338688176125,0,0
14723,MS26321,the majority of trump fans are fucking retards who despise blacks and queersfuck your new shoes you retard,0.999534010887146,1,1
14779,MS45629,Orlando NYC are god damn faggots and we hate them with all our heart blood but we cant help it at the same time so we,0.9857552647590636,1,1
14778,MS97461,please pauper your excusesits been fag weeks dammit hunky dory,0.832647442817688,1,1
14655,MS66183,and with to all who wish us well out there gay and bisexual man or woman dont have to hide it because our existence is neither shameful nor mysterious,0.0061862501315772,0,1
14710,MS424,it sounds like some one said to me if you ever make a fag a joke dont be soooo scared about,0.5881110429763794,1,1
14528,MS791561,Once again in my blind thoughts of blushing up the gills of a fave doesits like kat,0.0038045085966587,0,0
14731,MS7095,What a bunch of whiners the diehard faggots are you have to be a faggot to want all,0.9981043338775636,1,1
14696,MS29872,the much maligned redneck gay man who can never seem to tell the lgbtq woman he loves her before they kiss hes so gay he,0.6792401671409607,1,1
14538,MS570020,Orlando City SC the most family friendly team in Major League Soer in 2017 with their #findpokemonct through the program they play on the street,0.0005758472252637,0,0
14693,MS652632,my money is on gerard had a gay vasectomy islam is hatefulits not the clerics or the religion that,0.9105691313743592,1,1
14691,MS44449,the difference between a real french national and a soer uniform fagyou are retarded and boring racist piece of shit,0.999687910079956,1,1
14578,MS114703,async thx xxgo go through the state as soon as xers got too many deletes its a let down,0.0035897921770811,0,0
14402,MS752291,bacon and dickswhat the fuck is going onomfg a crock,0.1626702547073364,0,0
14649,MS55236,all you lip brow aficionados out therei hate dancing in front of faggots,0.9863542914390564,1,1
14571,MS188805,one gay letterbomb for the whole nyeeat shit out of your dyke headbruno get your own,0.9945160746574402,1,0
14448,MS729435,pDefinitely one of my fav popcorn dishes yet it does look pretty annoyingtheir casserole dishes are,0.0026884495746344,0,0
14451,MS520909,at least two people have been killed after two groups of Somali refugees attacked the christian poor and gay people in seattle buttsough jesus,0.9499685764312744,1,0
14668,MS65695,just a lil retardedyour a fucking faggot you little bitchjust another day,0.9999483823776244,1,1
14630,MS92502,many alis always look like fuckin hatersthose fucking faggots at college are so much more intelligent than you,0.9999561309814452,1,1
14752,MS666509,Amancios family face persecution as gays from gays This is the same persecution that the quran has proven to be for 1400,0.9670317769050598,1,1
14474,MS189305,Ladbrokes Classic odds on someone needs two away aids today on the tourney bellinifold middling bets on,0.0134264035150408,0,0
14452,MS318599,i like by #cockboy again and got another onei just went to the #tuesdays vegas #,0.5177562236785889,0,0
14399,MS131423,u a faggot yankeemy mad geek hive mind pryed away,0.9744343161582948,1,0
14547,MS731212,i dont know if just being gay puts you on this list or if we look like were on at fb or,0.1349973827600479,0,0
14756,MS899462,probably the biggest problem facing europe today is the homo agenda which is trying to make homosexuality a religionthe reality,0.967024862766266,1,1
14521,MS556662,the left hides his videos under a screen name michelle halperinjust got off the phone with my amazing oral,0.496504008769989,0,0
14545,MS102963,i dont think anyone knew that azalea was gay until after he gave his single to lipsynchyou know,0.0923750698566436,0,0
14580,MS400213,the head of the gay rights movement told students that if they want equality they must say boo to gay marriagefor a,0.0572915151715278,0,0
14523,MS377644,my thinking is sometimes youre born and youre faking your healththe world has long forgotten it is an illusion,0.0030325930565595,0,0
14553,MS117734,i downloaded bagpipes but when i opened it up i saw it was just trash and we are together at the gay club sucking all this fun tight,0.8242536187171936,1,0
14427,MS361744,xx4topy 3 #topycs go win your league now #teamsafter 50yrs of,0.002026526723057,0,0
14386,MS543139,of wales manchester losing seat in great britain council and only going to have a run in with that racist fawlamstein naked u,0.702210009098053,1,0
14654,MS27823,evil faggot assholei hate white trashwhos a faggot nowadays,0.9989901185035706,1,1
14460,MS147538,Earlier this week a devious rather suspicious mentally ill gay couple placed a tweet saying go kill yourself w you gay soon theres no choice there wont,0.9988645315170288,1,0
14472,MS104933,Before we begin our journey with the red and yellow jerseys here is the chart of the day #abc11 #transgender#sun #forthest,0.0002309803821844,0,0
14772,MS58307,i think ur a faggotyour racist faggotry are gone now drunk azusa coast nazi still,0.9987558126449584,1,1
14613,MS219985,as an older gay male i hate what theyre doing to our youth and we americans just cant stand itf,0.8971482515335083,1,1
14576,MS198036,someone has pie of bubblegum god hes been through it alotif yourent a fag throw it away,0.974427342414856,1,0
14409,MS149073,im not gaymy brother is not a big fan of #pitbullif,0.0012056642444804,0,0
14786,MS96675,this is absurd that people buy shoes like these and get fired the fuck up for hate speech to their faces theyre faggots,0.985931158065796,1,1
14646,MS1712,your charlie is a faggotthe least of your problems assholenig,0.9988503456115724,1,1
14529,MS179272,do you have the dengue season fever just posted 15 air fresheners w 15gs dengue sweets i feel famished,0.0002544192248024,0,0
14636,MS412138,in this paper set forth the arguments of the beleaguer clubon homogenisation within europeand the attack on ethnic and national homogeneity,0.0049885590560734,0,1
14640,MS20733,i dont even wanna bother with you a nigger skin head is #faggotniggas tryna crush,0.996224880218506,1,1
14556,MS593948,end of hindu marriage will expand aess to lgbt thehmi for n countries to apply for a hindu marriage visa will be provided to,0.0449393913149833,0,0
14406,MS964330,First of its kind in the world vancouver montreal sex and romance ultra gay and rock and roll montreal rockabilly,0.0576540231704711,0,0
14494,MS976044,Buy Photo FC Cincinnati and Orlando City B,0.0024499087594449,0,0
14736,MS65951,end of story my nigger ass lied to you and now i am flipping to gaga like a fucking faggot i will slit your throat in,0.9990323781967164,1,1
14412,MS160943,The leading man said this month of the genders that ought to be the most happy for marriage equality to,0.0376302935183048,0,0
14484,MS709039,i honestly would rather thats just how they are gonna do it across the boardkat you are faking it a bit,0.0105697205290198,0,0
14726,MS252224,my friend is trans to you and me what a cruel joke and these kind of people who use the trans issue to bash anyone who isnt like them,0.9636174440383912,1,1
14393,MS131423,u a faggot yankeemy mad geek hive mind pryed away,0.9744343161582948,1,0
14479,MS103176,#eacoontester draws attention to the out of date nature of gender facts in its science short film ,0.0025473271962255,0,0
14754,MS78809,your dance is so gay will u watch me dancesmh you are so fucking stupid,0.996544063091278,1,1
14800,MS92471,Davey feels like a thug now always who the faggotok my voice no longer waives when I say,0.9919775724411012,1,1
14354,MS737644,pIntroducing the fave creamyi was wondering what would happen to rob and dave if,0.1097609251737594,0,0
14806,MS89527,it is a good thing and a bad thing that you are white bc then you wouldnt be being used as a token queer princess but a queer wet,0.8904256224632263,1,1
14733,MS69658,as to not being a queerphobe at all there are alot of basic things we can all do to prevent problems like this from ever happening again,0.0309281982481479,0,1
14395,MS929705, youtube white man pushes transgender slave to the ground youtube as the slave wakes up youtube freewill is,0.2149629145860672,0,0
14698,MS13072,are your english wrong fuckin faggotsim from california aint no nig nothin wrong with hood stuff,0.9995943903923036,1,1
14787,MS13711,and makes two thousand quid of you twat a fucking vegetable faggotdont be no shamey punk,0.9991604089736938,1,1
14658,MS20528,dunno what all the faggots are trying to prove nazis killed 6 million gays by nazigas being pretty much it as f,0.9970741271972656,1,1
14708,MS241618,the lgbt community i hate both bbc and the tabloid ones they hate gay n idiots assholes too i,0.9989548921585084,1,1
14809,MS76188,niggas retard faggot kentucky beaver son of bitch gayjimmy silvas last,0.998995006084442,1,1
14491,MS160799,at xxx form an int which is considered assault why is that idiotic who even have that low minded yank head on,0.9186056852340698,1,0
14609,MS24854,one of the most magnificent places in the world there is nothing better and oh by the way you are fucking a fag,0.9985106587409972,1,1
14701,MS246641,ii your an asshole about it because when you answer me if im gay that is the only questionyall like,0.9799177050590516,1,1
14480,MS316354,ORLANDO Fla The Lakers won their home opener at home with an 8473 win over the Pelicans on Sunday night #yas,0.0004678305995184,0,0
14388,MS726526,redbooth asks i want to know whats up with everyone in the tv universe being pink and purple yes everyone is gay,0.0048348605632781,0,0
14362,MS553044,the most humdrum moments in my life post to #metoo and get attacked by a transgender ally that claimed that my ex was a sex addict,0.4373070895671844,0,0
14425,MS156697,as a gay man I love to criticize governments and think they need to be more courageous in cracking down on illegals so as not to turn into the,0.9247032999992372,1,0
14443,MS567929,h2their numbers are over 9kpopular in both genders i know i told yall not to judge,0.004482212010771,0,0
14581,MS729435,pDefinitely one of my fav popcorn dishes yet it does look pretty annoyingtheir casserole dishes are,0.0026884495746344,0,0
14509,MS775977,i thought my santa was a complete dickhead but they really nailed it how cruel and heartless they are going to be this yearend,0.4465326964855194,1,0
14594,MS45941,abdul muslmadari is a fucking faggotyour a faggot if you put money in,0.999218225479126,1,1
14811,MS33782,indiaspsychoi love hate fucking my friend who fucks another nigga what a faggot,0.9920883774757384,1,1
14826,MS1712,your charlie is a faggotthe least of your problems assholenig,0.9988503456115724,1,1
14363,MS909325,and the famly of pericles i d love to talk to you ,9.57944430410862e-05,0,0
14619,MS287719,america isnt the homogenous cesspool we think it is of america #noeselection16 #nomoreriots,0.0844760239124298,0,1
14782,MS15275,in the end hes a retarded faggot who had a problem todayy ou dyin u dumbass you,0.9996148347854614,1,1
14357,MS704392,Gentlemen Mr FagBagFilthy left some bbq sauce in the bottom of the pan because he didnt like the sauce,0.8635656237602234,1,0
14803,MS652632,my money is on gerard had a gay vasectomy islam is hatefulits not the clerics or the religion that,0.910569190979004,1,1
14495,MS507522,no omggg anyone is lying here weve been told this for months by the grand jury we were going to get a trial then they dropped the,0.0008459327509626,0,0
14650,MS28190,there was a stupid racist in my class who kept changing subjects about race and I was like could u please keep talking about gay people for a change im,0.3803205788135528,0,1
14681,MS44449,the difference between a real french national and a soer uniform fagyou are retarded and boring racist piece of shit,0.999687910079956,1,1
14662,MS8948,people who like fags act like fagswow it is a racist to like a nigga it makes you a,0.9884479641914368,1,1
14558,MS550117,you can easily stream a youtube vid for any ny isayoung men are the dickiest animals today and,0.9523642659187316,1,0
14755,MS213379,an acronym for ape the fuck outta here it should be easier to be a black man in america than a transexual you lazy,0.99972265958786,1,1
14697,MS451005,of her being with a transgender ex will corrupt her form her if shes like ive said before but listen you ass cunt im still here,0.9085524082183838,1,1
14536,MS143579,one of the best math games i have played in yearscharlie crist to black mappin on gay,0.0063473097980022,0,0
14817,MS37323,endangered species like these are given their own art form now tooyes you are a faggot if you post,0.998528003692627,1,1
14677,MS29333,Dont be stupid tbh I think is just a way of keeping you ignorantfuck you faggot,0.9998356103897096,1,1
14475,MS601747,meta itempropwidth content1170 meta itempropheight content1170 the faith gender and,0.0012554557761177,0,0
14371,MS317015,His article in the transracial view takes issue with what were then conceded to be a href,0.0153422160074114,0,0
14381,MS973840,No matter the color of your skin or your gender it is never aeptable to treat another person unfairly welcome to,0.0493425875902175,0,0
14599,MS92502,many alis always look like fuckin hatersthose fucking faggots at college are so much more intelligent than you,0.9999561309814452,1,1
14392,MS520909,at least two people have been killed after two groups of Somali refugees attacked the christian poor and gay people in seattle buttsough jesus,0.9499685764312744,1,0
14456,MS598903,on every aount the trump administration needs to listen to liberal democrats as we have had 3 hurricanes hit #familia duterte effect #greenpeace,0.0005259075551293,0,0
14482,MS126460,ullii gotta dance ho toari my gay fool man honfl player nose thingies maybe,0.952575981616974,1,0
14713,MS62100,spy on medude i hate gays like my life depended on itend,0.8251179456710815,1,1
14699,MS20776,cultra that do niggas v id kill those coon bastardstrust me she is a fag,0.998479187488556,1,1
14766,MS93046,ego burnyou can be a racist bigot homo if you really hate the same stuff everywhere that is the,0.6685818433761597,1,1
14404,MS726766,is the gay sister of jade and kat i wish they could cuddleis there anything more homophobic than those,0.9633684754371644,1,0
14493,MS358868,i would like to hear your opinions regarding the word nuthin on the faqhardcore house dj beng,0.0004795611603185,0,0
14562,MS520909,at least two people have been killed after two groups of Somali refugees attacked the christian poor and gay people in seattle buttsough jesus,0.9499685764312744,1,0
14683,MS92031,hey man you just raped me againwhy the fuck are you a fucking queer i agree you are but a queer fuck,0.9967594742774964,1,1
14379,MS601747,meta itempropwidth content1170 meta itempropheight content1170 the faith gender and,0.0012554557761177,0,0
14527,MS999547,sickening my kids will grow up around homosexuals they will learn it from television and movies the guard dogs,0.8870172500610352,1,0
14446,MS529642,the silence of the noobthe drunk dickwhore alliance how does that serve the transgender community,0.9244638681411744,1,0
14450,MS160550,UPDATED Heres what transpired before and after Dzhokhar Tsarnaev was wounded in the battle of Boston Friday #wbz pic,0.058509349822998,0,0
14703,MS50518,why its shitty that u think gay people are trash who should all be hunted down and shot its just the opposite really,0.98780757188797,1,1
14510,MS352845,interview gay children by #ageofconsenti liked this all star wr ant park for children book on this,0.0977253392338752,0,0
14380,MS964330,First of its kind in the world vancouver montreal sex and romance ultra gay and rock and roll montreal rockabilly,0.0576540119946002,0,0
14445,MS591987,Immigrants to gay inclusive ammeli opened as a coke house in ammeli to let the refugees in lembos hung garon,0.2432455271482467,0,0
14626,MS264857,any of you mentally ill faggots just like to listen to bad music idk why we do that but im fucking with ya,0.993763506412506,1,1
14394,MS550117,you can easily stream a youtube vid for any ny isayoung men are the dickiest animals today and,0.9523642659187316,1,0
14413,MS317015,His article in the transracial view takes issue with what were then conceded to be a href,0.0153422160074114,0,0
14383,MS195282,neon tran wasnt bad and i wanted to fuck him but hes a redneck and theres no making love in the pud with,0.7451545596122742,1,0
14390,MS520909,at least two people have been killed after two groups of Somali refugees attacked the christian poor and gay people in seattle buttsough jesus,0.9499685764312744,1,0
14672,MS6413,as any gay black or brown guy or faggot ever knows all they need to do is ask,0.997760534286499,1,1
14505,MS794513,COCHRANE the Bearded Dragon is back with a bang with his snooker party #shamelessyourtits,0.4067128896713257,0,0
14352,MS988135,at 11 am on a saturday morning jon d lee s drunk and belligerently making snide comments about gays and lesbians while cruising the,0.107218824326992,0,0
14440,MS507522,no omggg anyone is lying here weve been told this for months by the grand jury we were going to get a trial then they dropped the,0.0008567369659431,0,0
14533,MS179272,do you have the dengue season fever just posted 15 air fresheners w 15gs dengue sweets i feel famished,0.0002544192248024,0,0
14598,MS44437,some dumb nigger should run our countries aint no such thing as coalition of the willingonly gay white trash watch,0.9993593096733092,1,1
14568,MS520909,at least two people have been killed after two groups of Somali refugees attacked the christian poor and gay people in seattle buttsough jesus,0.9499685764312744,1,0
14812,MS72634,one in three gays tell us theyve cheated before it happens to us all you have to do to be straight is be a faggot#al,0.9959075450897216,1,1
14478,MS791561,Once again in my blind thoughts of blushing up the gills of a fave doesits like kat,0.0038045085966587,0,0
14667,MS60975,a great time to shoot some niggasso fags go to jail for what using bad words as r,0.973915159702301,1,1
14596,MS8718,A bank robber who confessed he was so gay hes gonna make Hillary Clinton cry hit the headlines for an even more vile crime today You,0.4349197149276733,0,1
14542,MS332676,entertainmentcmsqlm facilitation via the bridgemum looks up and sees excited frat boy riding a,0.157470166683197,0,0
14429,MS913085,elizabeth is a middle name of euomer linked to the gothic age fag hunter,0.1746513694524765,0,0
14524,MS906478,my fag jew teacher told my pricipal that i have white power markings on my binder and backpack i,0.2905855178833008,0,0
14565,MS987924,Welcome to another edition of the unsung heroes of the internet he needs a boot party and kick all the homosexuals,0.9920658469200134,1,0
14561,MS968068,because i live in a state where gay marriage is legal anyway that is the saddest news i have read in,0.1370239704847335,0,0
14396,MS520788,tabletrtdmr marshall where did you get that fly away jar jarvis my cousin went to prison for cock sucking and blow,0.7194934487342834,1,0
14773,MS40666,that word you some kind of faggotyes it is and youre a disgusting piece of human trash,0.996350646018982,1,1
14548,MS123755,he scene was stolen last night and we need the aid of the love lives of our dears xx pictwittercomO3Q9,0.0023213939275592,0,0
14408,MS515930,Hip hop duo Lord Latcham are on a roll and along the way a strange tale of LGBT pride in a medieval world of the last,0.0021220035851001,0,0
14600,MS43261,anyone who said monica benyo was talkative got smashed today niggas got mad what u say ill talk about u later fag,0.9875819683074952,1,1
14641,MS82174,of all the dumb ass white kids on the internetyoure a faggot bitch get your head checked you are,0.9999465942382812,1,1
14747,MS26154,They stopped the revolution in its tracks so fag hags can still fuck with lil nigga niggersugly,0.9997691512107848,1,1
14382,MS158818,we need to be unitedi am a proud trans dude and im never ashamed of it,0.00187207700219,0,0
14520,MS168095,by Sarah E Zumper Commodity Futures Trading Commission permits 2nd tranche of gold futures trading pfws says only a,0.0008178618736565,0,0
14769,MS891847,Many musicians have been jailed for mocking a gay or ethnic minority but a concert in a religious area can result in two years in a penal colony,0.2877540290355682,0,1
14796,MS25202,is trying to tell you the world hates niggers and want to kill all whiteyall these faggots gonna,0.9988275170326232,1,1
14647,MS94399,Stupid cuntyou aint bi yea you aint gaylmao ur,0.975702702999115,1,1
14739,MS35050,Parade of the unlikely living fag chic queens of the #ohmygodicanthemer,0.3407984972000122,0,1
14788,MS53100,let me tell you that youre fucking a fuckin faggot puss let me put it that way u faggot ass turds are,0.9996721744537354,1,1
14439,MS334952,Reuters More than 100 protesters rallied in a New York City park on Monday to express support for the queer community and criticized President Donald Trumps,0.0108170146122574,0,0
14544,MS1004028,this is like trans fat it is a vicious circle i hear you say,0.0039841900579631,0,0
14398,MS143579,one of the best math games i have played in yearscharlie crist to black mappin on gay,0.0063379881903529,0,0
14790,MS99120,Another day another racist tirade against a Black person by a White individual Trayvon Martin kills a fagshut,0.9967355132102966,1,1
14685,MS252224,my friend is trans to you and me what a cruel joke and these kind of people who use the trans issue to bash anyone who isnt like them,0.9636174440383912,1,1
14344,MS988135,at 11 am on a saturday morning jon d lee s drunk and belligerently making snide comments about gays and lesbians while cruising the,0.1072188019752502,0,0
14570,MS189305,Ladbrokes Classic odds on someone needs two away aids today on the tourney bellinifold middling bets on,0.0134264035150408,0,0
14798,MS93046,ego burnyou can be a racist bigot homo if you really hate the same stuff everywhere that is the,0.6246370077133179,1,1
14602,MS88074,read the entire thread you hateful fucking faggot take your meds i wont be disrespected no wayall this,0.9922742247581482,1,1
14714,MS48888,repent niggers out of your hurt ignorant ass faggot ass hateall these cats gettin a little selective,0.9986334443092346,1,1
14686,MS269068,my friend djfonda is black garys is gay hes an idiot and a terrible dadloser has suffered,0.9894785284996032,1,1
14805,MS9194,Every graduate degree in the US is a pox on your fucking doorstep little bitchsame faggot,0.99953031539917,1,1
14481,MS103398,maybe might be a prophet dont get me wrong i lovethis trash basketball team sounds like a gay sex movie then,0.8505054116249084,1,0
14720,MS82288,end interesting for a pedo doesnt like the fact that all faggots who create new queens are taken and the ones who die are dropped like,0.9838230013847352,1,1
14824,MS48014,abduction2think cont faggotman youre so blind like to live life on the edge thats,0.99587219953537,1,1
14608,MS248464,They tortured and executed gays in horrible ways but they didnt deserve to diesomeone still has to put up with this,0.5643500685691833,0,1
14750,MS687495,astronomy called gay stoning should be punishable by deathislam is at war it is the victims of its,0.9871386885643004,1,1
14488,MS570020,Orlando City SC the most family friendly team in Major League Soer in 2017 with their #findpokemonct through the program they play on the street,0.0005758472252637,0,0
14765,MS69339,everyone agrees white trash is in yo name dont u say boo bigotsyoure a fucking faggot,0.999723255634308,1,1
14345,MS180228,Mississippi guards and their coach getting arrested at they heard taup feld says over 500 killed in rainbow coalition we fight for gay rights m,0.291786789894104,0,0
14780,MS48014,abduction2think cont faggotman youre so blind like to live life on the edge thats,0.9959585070610046,1,1
14624,MS43672,fucking faggotsrofl albuterol will ruin your life faggot,0.999733865261078,1,1
14740,MS82174,of all the dumb ass white kids on the internetyoure a faggot bitch get your head checked you are,0.9999465942382812,1,1
14428,MS140724,if you are arguing that there is no difference between a gay icon and a white supremacist then you are wrong but if you are arguing that people have rights,0.5349192023277283,1,0
14673,MS32588,lazy as fuck its so ironic that some of the most homophobic people on earth are the ones you would turn to,0.954417884349823,1,1
14435,MS338843,A new study on welfare entitlements to unmarried or gay people by anonymous and queer individuals points out that the inequality may go beyond,0.0264758337289094,0,0
14486,MS540477,the difference between what u do for gay couples and what a guy likesyou have a thing for sex in general i,0.123593769967556,0,0
14359,MS584718,all residents are welcome a group for those who are LGBTQ who are immigrants have a loving govmnresentable and are able,0.0056663150899112,0,0
14471,MS782230,i couldnt give two dest there was a time was there was a point to this electiona homo,0.9854775071144104,1,0
14777,MS9752,the difference between a faggot and a pussymy ass is no fucking,0.9932754039764404,1,1
14802,MS38241,the dark side of lil zigswhen you call somebody a faggot all you are doing is proving your love,0.6872521042823792,1,1
14695,MS94418,Tell your trans friends to mind your fucking language or youre a faggotsexy ass nia,0.9983217120170592,1,1
14741,MS52787,With Chico as his right front is a sight for sore eyes people who deal with fat homophobic scum in the streets,0.928067982196808,1,1
14717,MS221245,the antigay fringe of the republican party is rapidly shifting their focus from defunding planned parenthood and other places that deal with health care and lgbt issues,0.1097773164510726,0,1
14813,MS76497,not a class act retarded faggot hes an auto mechanic so of course he says things like that he has no life,0.99795001745224,1,1
14557,MS593948,end of hindu marriage will expand aess to lgbt thehmi for n countries to apply for a hindu marriage visa will be provided to,0.0449393913149833,0,0
14776,MS867973,slavs put gays in a hole in the ground and hundreds of thousands of them have died from the effects of cold or hunger gay rights,0.9445297718048096,1,1
14688,MS837929,1 The heinous crime of homosexual sodomy is being condoned by the state the government should not protect these persons but punish the offenders,0.8631528615951538,1,1
14457,MS939897,being both white and heterosexual does have it s perks there is more meat,0.0499497316777706,0,0
14615,MS429,people are also assholes and pricksnah i hate that nigga i called him a bia a fagg,0.9990053772926332,1,1
14461,MS166794,of 20 based on 1 review jay z as a parkas pink fluffy neckies and black tranny claptrap capes to go with p,0.2472559213638305,0,0
14606,MS10281,opioids have killed my family but youre all wackosyour a fucking queer faggot,0.9996578693389891,1,1
14442,MS520909,at least two people have been killed after two groups of Somali refugees attacked the christian poor and gay people in seattle buttsough jesus,0.9499685764312744,1,0
14348,MS174909,of the pilot taylor morris is smokin hot in these fishnet hentai pants by corgiandass a preview of the gay porn,0.944068968296051,1,0
14543,MS572018,vontaze huffman faking my efforts to get an injunction to compel his release has created another round of racism against immigrants and those supporting them,0.0688038915395736,0,0
14432,MS377106,The MNS President has been advising the party to distance itself from the bill with regard to the promotion of homosexuality with much,0.0105274468660354,0,0
14676,MS494179,With the world poised to spend up to 35 trillion on infrastructure for better public transit affordable housing roads bridges airports and trans,0.0008292852435261,0,1
14368,MS601747,meta itempropwidth content1170 meta itempropheight content1170 the faith gender and,0.0012554557761177,0,0
14775,MS27986,#1917 or 1812 Zuni deserts is what happens when you faggot live in a,0.985753893852234,1,1
14499,MS117734,i downloaded bagpipes but when i opened it up i saw it was just trash and we are together at the gay club sucking all this fun tight,0.8242536187171936,1,0
14635,MS7095,What a bunch of whiners the diehard faggots are you have to be a faggot to want all,0.9981043338775636,1,1
14610,MS207950,the federal government has said it is the responsibility of federal and state government to eliminate discrimination against gay lesbian and transgendered lgbt people living,0.0090688383206725,0,1
14372,MS745514,i just came out here to hate lgbtq jews i came here to learn about the subject but instead im just venting over something,0.8988526463508606,1,0
14781,MS88876,orroldesignlike everyones worst nightmare i fell in love with this faggot fucker who turned,0.970998764038086,1,1
14416,MS939897,being both white and heterosexual does have it s perks there is more meat,0.0499497316777706,0,0
14438,MS355984,free gender discrimination advicenice ass boner yes im not supposed to mention details so there isnt some somes everywhere,0.3111141324043274,0,0
14360,MS542235,Ending the gender gap requires us to build bridges across racial and economic lines,0.0001247876352863,0,0
14642,MS92166,this months release is not 3rd wave trans indoctrination by twisted individualsso your position on marriage is,0.8512812256813049,1,1
14637,MS75223,fags the people of south east africa pay the most to see white trash entertainers make the nigerian national team look like a proper football,0.9970638155937196,1,1
14549,MS593948,end of hindu marriage will expand aess to lgbt thehmi for n countries to apply for a hindu marriage visa will be provided to,0.0449393801391124,0,0
14728,MS30027,sweet wine please you cant go a single day without hearing someone say faggot youre fuckin gay you the class clown you cant have it both ways,0.9954355359077454,1,1
14466,MS172555,quinn yung there so trashfor the record i was gay and my dad made me wear the glove in the,0.8614502549171448,1,0
14719,MS67544,she was punking those faggots with her white trash look shes taking over hereim not the type of,0.9821916222572328,1,1
14514,MS142794,Socialist Party condemns passage of California bill to make it easier to elect gay marriage supporters,0.0640972033143043,0,0
14465,MS784269,Weber is cracking us up with his macho posturing towards stan as this is just basic dumb luck right guys this is the season of the,0.0350404679775238,0,0
14757,MS53639,you an idiot im going to talk to the cop tonight lol i hate all you fagshard,0.9992856383323668,1,1
14730,MS253476,all between the eyesi hate when people call me gay for not wanting to be with a homo that mean n,0.4375002086162567,1,1
14774,MS89451,Sixtyfive percent of white evangelicals and just 25 percent of black evangelicals say that homosexuality should be aepted by society a new poll shows,0.2106749266386032,0,1
14628,MS14472,growsglike the rumors was that fag retarted and doosh nigga he was like he,0.9937845468521118,1,1
14614,MS52359,making sure no fags find,0.9530304074287416,1,1
14816,MS429,people are also assholes and pricksnah i hate that nigga i called him a bia a fagg,0.9990053772926332,1,1
14400,MS160799,at xxx form an int which is considered assault why is that idiotic who even have that low minded yank head on,0.9186056852340698,1,0
14785,MS77204,saturday review good job jimmy james assholessss stop paininfagging yourself alread,0.9879053831100464,1,1
14651,MS93046,ego burnyou can be a racist bigot homo if you really hate the same stuff everywhere that is the,0.6685819029808044,1,1
14433,MS190535,are being linked to nfl fav and the not wilson trade does that mean wileinkeep your mouth shut,0.3874024152755737,0,0
14652,MS500655,for that fucking shitshow we all deal with before we start agreeing with each other about tranny othering right us southerners and german,0.6830278038978577,1,1
14814,MS57923,americans needs to die faggots and then sprinkle them on their ricestraight white men want you dead they all,0.999818742275238,1,1
14793,MS57661,with u hes a faggoti dont hate black people but some of them are really fuckin stupid in my,0.97722589969635,1,1
14502,MS997440,i like to work out but i hate looking like a freak are you gay ,0.0735788941383361,0,0
14678,MS12105,all these faggots trying to save the damsel in distress that made them starbuck says shit like ho that was risqu your,0.996987283229828,1,1
14546,MS782230,i couldnt give two dest there was a time was there was a point to this electiona homo,0.9854775071144104,1,0
14454,MS117142,No not really no matter how many times i say so theres just this one person in a million that wont actually support tranny taxes #,0.2439259588718414,0,0
14385,MS550397,Aura moderate evocation and transmutation CL 11th Slot headband of comprehendingdoes anyone have a,0.0003315000794827,0,0
14401,MS979514,LGBT youth homelessness in our nation continues unabated and the numbers continue to rise end,0.0134959397837519,0,0
14825,MS3226,stop being a fucking faggoti wanna rape and kill the halfbreed babies within this building,0.9899498224258424,1,1
14692,MS64525,its not a fag he said he likes look at that little fag assyou are an idiot go back,0.9993595480918884,1,1
14498,MS371578,Upon further examination the lack of attention to hierarchy and genderbased violence was not something that could be ascribed to postconflict res,0.0043052011169493,0,0
14353,MS991215,why is there an exclusively homosexual high school when you can have them both in one school ,0.1177878305315971,0,0
14639,MS32013,youre a fucking faggot and i love itshame on you bigot,0.9979520440101624,1,1
14820,MS94579,youre a faggotyouve been warned enjoy your veggiesgay ass dirty,0.9990912675857544,1,1
14590,MS61113,but some of my worst enemies are fucking pervertsfuck you fag i hope you all get cancer #f,0.9966403245925904,1,1
14572,MS726331,Orlandos Lonely Town is popular with many local chefs for its mild rustic meal quality and award winning food Plenty of backyard green space for,0.0006704888655804,0,0
14725,MS18280,people who think they can do anything the way they do what they do is stupidstupid american faggots,0.9992913007736206,1,1
14617,MS98145,hitler is a fucking faggotyoure the only one im going to fuck,0.9971004128456116,1,1
14704,MS7429,in what not only shows their ignorant nigger affiliation but also their anti semetic dislike for jewsonly the gay,0.97489196062088,1,1
14387,MS117142,No not really no matter how many times i say so theres just this one person in a million that wont actually support tranny taxes #,0.2439260184764862,0,0
14807,MS463681,Big Kahunamost anus to gays you cant kick out a 30 year old man,0.9914755821228028,1,1
14534,MS140724,if you are arguing that there is no difference between a gay icon and a white supremacist then you are wrong but if you are arguing that people have rights,0.5349191427230835,1,0
14469,MS510849,for every gay person living in a countrywhere theyre still a major target of death threats ,0.0844942852854728,0,0
14633,MS10617,because youre gay #gopnigga cant bend me like that its disrespectful,0.8998640179634094,1,1
14424,MS316354,ORLANDO Fla The Lakers won their home opener at home with an 8473 win over the Pelicans on Sunday night #yas,0.0004678305995184,0,0
14422,MS987552,thanks for the info sessie46 although i grew up in orlando FL just outside of Tampa ,9.670261351857334e-05,0,0
14470,MS964330,First of its kind in the world vancouver montreal sex and romance ultra gay and rock and roll montreal rockabilly,0.0576540119946002,0,0
14634,MS25674,pooh and hoppy butthurt lesbian ass dyke block whores ass niggayou racist faggot,0.9991580247879028,1,1
14559,MS334952,Reuters More than 100 protesters rallied in a New York City park on Monday to express support for the queer community and criticized President Donald Trumps,0.0108170146122574,0,0
14743,MS32323,I am assuming you just redid your profilehahahah fucking faggots like you should die nigger hating prick youve got to make,0.9999773502349854,1,1
14519,MS726331,Orlandos Lonely Town is popular with many local chefs for its mild rustic meal quality and award winning food Plenty of backyard green space for,0.0006704888655804,0,0
14350,MS189051,Pat Robertson If youre gay and your partner is straight you should just go to sleep with your mother and that is,0.9385414123535156,1,0
14758,MS31907,soo hot haxx0fucking faggot wouldnt even think twice about thati love the m,0.9848093390464784,1,1
14810,MS19873,the one thing about redneck welfare in the south that i always hate the ever so condescending attitude of some faggots who call themselves f,0.975141942501068,1,1
14365,MS160943,The leading man said this month of the genders that ought to be the most happy for marriage equality to,0.0376302935183048,0,0
14458,MS160943,The leading man said this month of the genders that ought to be the most happy for marriage equality to,0.0376302860677242,0,0
14436,MS569564,should contribute money to my childs college fundmaybe you guys should all go back to being a fag,0.9978454113006592,1,0
